{"cameraMode":{"drawMode":0,"name":"Shaded","section":"Shading Mode"},"sceneLighting":true,"audioPlay":false,"sceneViewState":{"m_AlwaysRefresh":false,"showFog":true,"showSkybox":true,"showFlares":true,"showImageEffects":true,"showParticleSystems":true,"showVisualEffectGraphs":true,"m_FxEnabled":true},"in2DMode":false,"pivot":{"x":2.8187077045440676,"y":-2.502883195877075,"z":-31.913572311401368},"rotation":{"x":-0.09007482975721359,"y":0.7553775906562805,"z":-0.10632244497537613,"w":-0.6403697729110718},"size":10.832062721252442,"orthographic":false}